Workbook

Sheet 阶段目标与项目
A1: 阶段 | B1: 阶段目标 | C1: 验收项目 | D1: 验收标准
A2: 阶段1 环境与Python | B2: 稳定Mac开发环境；能独立写Python脚本和FastAPI接口 | C2: Console订单管理器 + FastAPI小服务 | D2: 能从终端运行；JSON保存/读取；至少3个REST接口；README写清启动方式
A3: 阶段2 LLM API基础 | B3: 掌握模型API、Prompt、上下文、流式输出和结构化输出 | C3: AI Console助手 / Java异常分析助手 | D3: 支持连续提问；结构化JSON输出；Streaming；异常/超时处理
A4: 阶段3 Tool Calling | B4: 让模型可靠调用数据库/API工具完成业务查询 | C4: 订单退款失败分析助手 | D4: 至少4个Tools；能自动选工具；支持连续工具调用；有调用日志和错误处理
A5: 阶段4 RAG知识库 后面都是核心 | B5: 掌握Embedding、pgvector、检索、Rerank和来源引用 | C5: 本地企业知识库Demo | D5: 支持PDF/Word/Excel/MD；回答带来源；10个测试问题；资料不足时不乱答
A6: 阶段5 Agent与工作流 | B6: 掌握LangGraph、State、Memory、Workflow和人工介入 | C6: 订单问题诊断Agent | D6: 自动查订单/支付/退款/RAG；支持失败分支、最大步数、Checkpoint和人工确认
A7: 阶段6 MCP | B7: 能编写MCP Server并把业务能力暴露为Tools | C7: 数据库 + 文档检索 MCP Server | D7: 至少4个MCP Tools；参数校验；只读安全边界；Agent可通过MCP调用
A8: 阶段7 Java AI整合 | B8: 用Spring AI把LLM、Tool、RAG接入Spring Boot | C8: Spring Boot AI服务 | D8: Java完成LLM调用、Tool Calling、RAG；可调用Python Agent；统一REST接口
A9: 阶段8 综合项目 | B9: 完成可演示、可写进简历的企业AI Agent项目 | C9: Enterprise AI Agent Platform | D9: 按README启动；3个核心业务场景；权限/日志/超时；10个验收问题；5分钟演示
A10: AI平台/算法工程 阶段9 模型微调与评测 | B10: 掌握微调数据构建、SFT、LoRA/QLoRA、P-Tuning、对齐原理和模型评测 | C10: Qwen小模型微调 + RAG + Agent | D10: 完成可重复训练；保存和部署Adapter；使用固定测试集比较微调前后效果；README记录参数与限制
A11: AI平台/算法工程 阶段10 企业部署、安全与架构 | B11: 掌握模型服务化、推理性能、AI安全、LLMOps、Docker/K8s基础和架构设计 | C11: 航空运价规则智能审核平台 | D11: Docker可启动；包含Tool权限、人工确认、Trace、评测、压测、降级和架构评审文档
A12: 【可选】阶段11 AI平台与推理优化 | B12: 了解分布式训练、模型压缩、推理加速、GPU调度和推理集群建设 | C12: AI训练与推理平台设计方案 | D12: 说明DDP/FSDP/DeepSpeed、量化/剪枝/蒸馏、ONNX/TensorRT、GPU调度、灰度与回滚方案
B14: 阶段9：重点做 Transformers、Tokenizer、SFT、LoRA/QLoRA、PEFT、Qwen LoRA、评测、接入 Ollama/vLLM、微调+RAG+Agent DPO、RLHF、Reward Model、P-Tuning、Prefix Tuning 可以先理解原理，不必全实操。
A16: 总结： | D16: 核心流程：用户问题->查询改写/意图识别->元数据过滤(打标设计)->召回（向量检索+BM25关键词检索）->结果合并去重->融合（线性加权融合/rrf）->得到候选top-k->Cross-encoder精排->上下文截断压缩->构造提示词->LLM CrossEncoder是把query和文档拼接成一个序列，一起送入transformer模型里，模型内部通过注意力机制得到一个相关分数。 扩展：注意力机制：比如去图书馆找报销的报告，笨办法是全部读一遍。注意力就是query，报销标准是什么。Key，财务？HR？差旅。value：书的内容。用query和key比对，匹配高就重点读。这里就是通过softmax得到一组权重（0~1，加起来是1）。然后用权重加权value。 注意力机制 = 带着问题（Query）去扫一遍所有信息（Key），按相关度（softmax 权重）把内容（Value）加权综合。 transformer就是并行执行（多头注意力），让模型从不同角度看句子。是架构。 在这之前还需要chunk数据。
A17: 1.pgvector是pgsql的插件
A18: 2.检索内容注入Prompt生成回答流程：用户问题 → 查询改写 / 意图识别 → 权限与元数据过滤→ 查询 Embedding→ pgvector Top-K 检索 → 可选：关键词检索 BM25→ 合并去重→ Rerank 重排→ 截断 / 压缩 Context → 拼接带编号的 Context→ 构造 Prompt→ 调用 DeepSeek→ 引用校验 / 拒答检查 → 最终回答→ 日志与评估 意图识别区分 order / refund / rule / general，偏业务，简单路由。 查询改写：将“退款有什么规则？”改写为“退款规则”，且精确匹配时抽取实体 引用编号 Prompt：防止多跳，方便debug和追溯。 关键词检索 BM25是用来打分的。给一个查询和一堆文档来打分。 正常还有向量打分。然后可以用rrf来进行融合打分，判断哪一个更好用。 用tsvector全文索引也可以，只是中文分词不好，会吧一句话当一个词。 es有ik分词。长文本在考虑es集群。向量检索 + 关键词检索就是最终混合检索。
A24: 3.元数据预过滤：一般来说提前过滤一个类型字段。扩展：打标系统，需要一个类型，一个子类型扩展。在加一个文档类型。等于是2个维度的过滤。如果不够，后台运营加上tags。选other类型就是机器分不出来，走人工流程。置信度就是机器打分，打分太低进入人工审核。设计原则：同一模块同一 doc_type 下向量检索噪声大到影响回答质量时，加tags扩展，在此之前，所有额外字段都是负债。 备注：置信度可用softmax+temperature scaling 实现。softmax把分数变成 加起来等于1 的权重。
D26: 注意力机制 = 带着问题（Query）去扫一遍所有信息（Key），按相关度（softmax 权重）把内容（Value）加权综合。

Sheet 每日学习计划
A1: 序号 | B1: 日期 | C1: 星期 | D1: 阶段 | E1: 每日任务 | F1: 计划时长 | G1: 状态 | H1: 实际时长(h) | I1: 完成度 | J1: 学习笔记/问题 | K1: 阶段目标 / 项目验收 | L1: 备注
A2: 1 | B2: 46251 | C2: 周一 | D2: 阶段1 环境与Python | E2: 检查Mac：Homebrew、Git、VS Code、IntelliJ版本；建立环境检查记录 | F2: 2–3小时 | G2: 已完成 | I2: =IF(G2="已完成",1,IF(G2="进行中",0.5,0)) -> 1 | K2: 51
A3: 2 | B3: 46252 | C3: 周二 | D3: 阶段1 环境与Python | E3: 安装/确认Python 3.11或3.12；弄清python3、pip3和PATH | F3: 2–3小时 | G3: 已完成 | I3: =IF(G3="已完成",1,IF(G3="进行中",0.5,0)) -> 1 | J3: Python 3.11.9 pip 24.0 / Python 3.11。3.96和conda还在。
A4: 3 | B4: 46253 | C4: 周三 | D4: 阶段1 环境与Python | E4: 创建~/ai-study；建立venv；写requirements.txt | F4: 2–3小时 | G4: 已完成 | I4: =IF(G4="已完成",1,IF(G4="进行中",0.5,0)) -> 1 | J4: 1.建立一个venv的虚拟环境，相关项目在这个虚拟目录下，起隔离作用。激活。 2.准备安装的 Python 库。升级虚拟目录pip和执行环境。这里只是在虚拟目录下，pip就是maven的作用，或者Homebrew的作用。（终端激活默认就到可以，可以关闭） | K4: 1.创建python虚拟环境：python3.11 -m venv .venv 2.激活：source .venv/bin/activate 3.准备安装的 Python 库 cat > requirements.txt <<'EOF' openai python-dotenv requests numpy pandas chromadb EOF 4.升级pip和执行环境 python -m pip install --upgrade pip python -m pip install -r requirements.txt | L4: 1.openai：调用 OpenAI 模型 2.python-dotenv：读取 .env 配置文件 3.requests：发送 HTTP 请求 4.numpy：向量、矩阵、AI 数据处理 5.pandas:Excel/CSV/数据清洗 6.chromadb:向量数据库 场景是RAG、私人知识库、文档检索
A5: 4 | B5: 46254 | C5: 周四 | D5: 阶段1 环境与Python | E5: Python：变量、字符串、List/Dict/Set；完成10个小练习 | F5: 2–3小时 | G5: 已完成 | I5: =IF(G5="已完成",1,IF(G5="进行中",0.5,0)) -> 1
A6: 5 | B6: 46255 | C6: 周五 | D6: 阶段1 环境与Python | E6: Python：if/for/函数；把一个Java小逻辑改写成Python | F6: 2–3小时 | G6: 已完成 | I6: =IF(G6="已完成",1,IF(G6="进行中",0.5,0)) -> 1 | J6: def 可以返回多个 （tuple 元祖） 基础语法练习 | K6: 51
A7: 6 | B7: 46258 | C7: 周一 | D7: 阶段1 环境与Python | E7: Python：class、模块、异常；写OrderService Console | F7: 2–3小时 | G7: 已完成 | I7: =IF(G7="已完成",1,IF(G7="进行中",0.5,0)) -> 1 | K7: 51
A8: 7 | B8: 46259 | C8: 周二 | D8: 阶段1 环境与Python | E8: 文件/JSON：订单增删改查并保存到orders.json | F8: 2–3小时 | G8: 已完成 | I8: =IF(G8="已完成",1,IF(G8="进行中",0.5,0)) -> 1 | J8: _init_ self | K8: 51
A9: 8 | B9: 46260 | C9: 周三 | D9: 阶段1 环境与Python | E9: HTTP：httpx/requests；Console调用测试API并处理异常 | F9: 2–3小时 | G9: 已完成 | I9: =IF(G9="已完成",1,IF(G9="进行中",0.5,0)) -> 1 | J9: 引入协程，他是应用内管理的。OS调用前先用event loop。await是自己停止的。 await 等待时去执行其他可运行协程；如果没有可运行协程，Event Loop 等待 IO 事件，而不是强行继续当前协程。 目的：不要让一个 OS Thread 傻等一个 IO；一个线程管理大量 IO，哪个 IO Ready，就处理哪个 | K9: 51
A10: 9 | B10: 46261 | C10: 周四 | D10: 阶段1 环境与Python | E10: FastAPI/Pydantic：把订单查询暴露成REST API | F10: 2–3小时 | G10: 已完成 | I10: =IF(G10="已完成",1,IF(G10="进行中",0.5,0)) -> 1 | J10: 尾部加docs就是swaggerUI。 uvicorn main:app --reload是启动内部服务器 | K10: 51
A11: 10 | B11: 46262 | C11: 周五 | D11: 阶段1 环境与Python | E11: 【阶段验收】完成Console订单管理器 + FastAPI小服务；测试、README、复盘 | F11: 2–3小时 | G11: 已完成 | I11: =IF(G11="已完成",1,IF(G11="进行中",0.5,0)) -> 1 | J11: 安装配置：pip install python-dotenv | K11: 【阶段目标】稳定Mac开发环境；能独立写Python脚本和FastAPI接口 【验收项目】Console订单管理器 + FastAPI小服务 【验收标准】能从终端运行；JSON保存/读取；至少3个REST接口；README写清启动方式
A12: 11 | B12: 46265 | C12: 周一 | D12: 阶段2 LLM API基础 | E12: 准备模型API Key；使用环境变量/.env管理密钥 | F12: 2–3小时 | G12: 已完成 | I12: =IF(G12="已完成",1,IF(G12="进行中",0.5,0)) -> 1 | K12: 51
A13: 12 | B13: 46266 | C13: 周二 | D13: 阶段2 LLM API基础 | E13: 完成第一个LLM Console调用：输入问题→输出答案 | F13: 2–3小时 | G13: 已完成 | I13: =IF(G13="已完成",1,IF(G13="进行中",0.5,0)) -> 1 | K13: 51
A14: 13 | B14: 46267 | C14: 周三 | D14: 阶段2 LLM API基础 | E14: 实验Token、上下文、temperature等参数并记录差异 | F14: 2–3小时 | G14: 已完成 | I14: =IF(G14="已完成",1,IF(G14="进行中",0.5,0)) -> 1 | J14: temperature是随机性，大部分默认是1。 模型没有长期记忆，需要传入历史messages。 openai记录到了服务端，搜索在重新拼成需要的上下文。 | K14: 51
A15: 14 | B15: 46268 | C15: 周四 | D15: 阶段2 LLM API基础 | E15: Prompt练习：角色/目标/约束/示例；同一任务写3版 | F15: 2–3小时 | G15: 已完成 | I15: =IF(G15="已完成",1,IF(G15="进行中",0.5,0)) -> 1 | J15: Prompt = 给模型的任务说明书。Prompt:Role（角色）Goal（目标）Context（背景）Constraint（约束）Example（示例）Output Format（输出格式）。角色就是告诉模型我是谁，目标就是我要什么，约束就是条件，比如1000字以内。示例是最强的，少样本学习。 | K15: 51
A16: 15 | B16: 46269 | C16: 周五 | D16: 阶段2 LLM API基础 | E16: 结构化输出：Pydantic校验模型JSON结果 | F16: 2–3小时 | G16: 已完成 | I16: =IF(G16="已完成",1,IF(G16="进行中",0.5,0)) -> 1 | J16: 格式化成json | K16: 51
A17: 16 | B17: 46272 | C17: 周一 | D17: 阶段2 LLM API基础 | E17: 加入超时、限流、网络异常和重试 | F17: 2–3小时 | G17: 已完成 | I17: =IF(G17="已完成",1,IF(G17="进行中",0.5,0)) -> 1 | J17: rating重试 sleep | K17: 51
A18: 17 | B18: 46273 | C18: 周二 | D18: 阶段2 LLM API基础 | E18: 实现Streaming Console输出 | F18: 2–3小时 | G18: 已完成 | I18: =IF(G18="已完成",1,IF(G18="进行中",0.5,0)) -> 1 | J18: stream=True chunk.choices[0].delta.content print(..., end="", flush=True) | K18: 51
A19: 18 | B19: 46274 | C19: 周三 | D19: 阶段2 LLM API基础 | E19: 实现简单多轮对话history和上下文裁剪 | F19: 2–3小时 | G19: 已完成 | I19: =IF(G19="已完成",1,IF(G19="进行中",0.5,0)) -> 1 | J19: 通过list add和控制次数。控制总token和单次msg数据大小，太大可以top(0)弹出最旧的数据。 可以吧多次记录压缩成摘要，让 LLM 帮你压缩旧上下文。 | K19: 51
A20: 19 | B20: 46275 | C20: 周四 | D20: 阶段2 LLM API基础 | E20: 做Java异常分析助手：异常栈→原因/方案/风险JSON | F20: 2–3小时 | G20: 已完成 | I20: =IF(G20="已完成",1,IF(G20="进行中",0.5,0)) -> 1 | J20: 通过LLM来异常，非重点过了一下 | K20: 51
A21: 20 | B21: 46276 | C21: 周五 | D21: 阶段2 LLM API基础 | E21: 【阶段验收】完成AI Console/Java异常分析助手；准备5个测试案例 | F21: 2–3小时 | G21: 已完成 | I21: =IF(G21="已完成",1,IF(G21="进行中",0.5,0)) -> 1 | K21: 【阶段目标】掌握模型API、Prompt、上下文、流式输出和结构化输出 【验收项目】AI Console助手 / Java异常分析助手 【验收标准】支持连续提问；结构化JSON输出；Streaming；异常/超时处理
A22: 21 | B22: 46279 | C22: 周一 | D22: 阶段3 Tool Calling | E22: 理解Tool Calling流程；做calculator工具 | F22: 2–3小时 | G22: 已完成 | I22: =IF(G22="已完成",1,IF(G22="进行中",0.5,0)) -> 1 | J22: 程序事先不知道用户想调用哪个函数，也不知道参数是什么，让 LLM 来判断。 Agent 不是比普通程序“更高级”，而是用更高的复杂度，换取更强的自然语言理解和动态决策能力 | K22: 51
A23: 22 | B23: 46280 | C23: 周二 | D23: 阶段3 Tool Calling | E23: 实现get_order(order_id)模拟Tool | F23: 2–3小时 | G23: 已完成 | I23: =IF(G23="已完成",1,IF(G23="进行中",0.5,0)) -> 1 | J23: tool格式用的ds和openai，但是cc或者其他产商可能不一致。还要做兼容可能，主要看你llm | K23: 51
A24: 23 | B24: 46281 | C24: 周三 | D24: 阶段3 Tool Calling | E24: get_order接真实测试数据库 | F24: 2–3小时 | G24: 已完成 | I24: =IF(G24="已完成",1,IF(G24="进行中",0.5,0)) -> 1 | J24: 自然语言 ↓ LLM翻译成：函数名 + 参数 ↓ tool_map 找函数 ↓ func(**arguments) 真正执行 | K24: 51
A25: 24 | B25: 46282 | C25: 周四 | D25: 阶段3 Tool Calling | E25: 实现get_user Tool | F25: 2–3小时 | G25: 已完成 | I25: =IF(G25="已完成",1,IF(G25="进行中",0.5,0)) -> 1 | K25: 51
A26: 25 | B26: 46283 | C26: 周五 | D26: 阶段3 Tool Calling | E26: 实现get_payment Tool | F26: 2–3小时 | G26: 已完成 | I26: =IF(G26="已完成",1,IF(G26="进行中",0.5,0)) -> 1 | K26: 51
A27: 26 | B27: 46286 | C27: 周一 | D27: 阶段3 Tool Calling | E27: 实现get_refund Tool | F27: 2–3小时 | G27: 已完成 | I27: =IF(G27="已完成",1,IF(G27="进行中",0.5,0)) -> 1 | K27: 51
A28: 27 | B28: 46287 | C28: 周二 | D28: 阶段3 Tool Calling | E28: 统一Tool参数和返回结构 | F28: 2–3小时 | G28: 已完成 | I28: =IF(G28="已完成",1,IF(G28="进行中",0.5,0)) -> 1 | K28: 51
A29: 28 | B29: 46288 | C29: 周三 | D29: 阶段3 Tool Calling | E29: 实现Tool Dispatcher/Registry | F29: 2–3小时 | G29: 已完成 | I29: =IF(G29="已完成",1,IF(G29="进行中",0.5,0)) -> 1 | K29: 51
A30: 29 | B30: 46289 | C30: 周四 | D30: 阶段3 Tool Calling | E30: 完成单次Tool闭环：LLM→Tool→LLM | F30: 2–3小时 | G30: 已完成 | I30: =IF(G30="已完成",1,IF(G30="进行中",0.5,0)) -> 1 | K30: 51
A31: 30 | B31: 46293 | C31: 周一 | D31: 阶段3 Tool Calling | E31: 完成多Tool连续调用 | F31: 2–3小时 | G31: 已完成 | I31: =IF(G31="已完成",1,IF(G31="进行中",0.5,0)) -> 1 | K31: 51
A32: 31 | B32: 46294 | C32: 周二 | D32: 阶段3 Tool Calling | E32: 增加Tool超时和异常捕获 | F32: 2–3小时 | G32: 已完成 | I32: =IF(G32="已完成",1,IF(G32="进行中",0.5,0)) -> 1 | J32: with ThreadPoolExecutor和ThreadPoolExecutor，with要等主线程执行完毕。如果里面是 future = executor.submit( tool_func, **arguments ) | K32: 51
A33: 32 | B33: 46295 | C33: 周三 | D33: 阶段3 Tool Calling | E33: 记录工具名/参数/耗时/状态日志 | F33: 2–3小时 | G33: 已完成 | I33: =IF(G33="已完成",1,IF(G33="进行中",0.5,0)) -> 1 | K33: 51
A34: 33 | B34: 46303 | C34: 周四 | D34: 阶段3 Tool Calling | E34: 增加工具白名单；禁止任意SQL | F34: 2–3小时 | G34: 已完成 | I34: =IF(G34="已完成",1,IF(G34="进行中",0.5,0)) -> 1 | K34: 51
A35: 34 | B35: 46304 | C35: 周五 | D35: 阶段3 Tool Calling | E35: 完成订单退款失败分析助手 | F35: 2–3小时 | G35: 已完成 | I35: =IF(G35="已完成",1,IF(G35="进行中",0.5,0)) -> 1 | K35: 51
A36: 35 | B36: 46307 | C36: 周一 | D36: 阶段3 Tool Calling | E36: 【阶段验收】用10个问题测试工具选择和多步调用；整理README | F36: 2–3小时 | G36: 已完成 | I36: =IF(G36="已完成",1,IF(G36="进行中",0.5,0)) -> 1 | J36: 涉及到Agent 编排 / Guardrail 核心是：56～70 Guardrail会在97 | K36: 【阶段目标】让模型可靠调用数据库/API工具完成业务查询 【验收项目】订单退款失败分析助手 【验收标准】至少4个Tools；能自动选工具；支持连续工具调用；有调用日志和错误处理
A37: 36 | B37: 46308 | C37: 周二 | D37: 阶段4 RAG知识库 | E37: 理解RAG链路；画出自己的RAG流程图 | F37: 2–3小时 | G37: 已完成 | I37: =IF(G37="已完成",1,IF(G37="进行中",0.5,0)) -> 1 | J37: 参考流程图。Overlap 上下chunk关联。 | K37: 51
A38: 37 | B38: 46309 | C38: 周三 | D38: 阶段4 RAG知识库 | E38: 安装Docker Desktop；确认docker compose可用 | F38: 2–3小时 | G38: 已完成 | I38: =IF(G38="已完成",1,IF(G38="进行中",0.5,0)) -> 1 | K38: 51
A39: 38 | B39: 46310 | C39: 周四 | D39: 阶段4 RAG知识库 | E39: Docker启动PostgreSQL + pgvector | F39: 2–3小时 | G39: 已完成 | I39: =IF(G39="已完成",1,IF(G39="进行中",0.5,0)) -> 1 | J39: SELECT id, content, embedding, embedding <=> '[0.85,0.15,0.25]' AS distance FROM rag_documents ORDER BY embedding <=> '[0.85,0.15,0.25]' LIMIT 3; limit 3 就是top3。 | K39: <=> = cosine distance（余弦距离） <-> = Euclidean distance（欧氏距离） <#> = negative inner product（负内积） 1 - (embedding <=> '[0.85,0.15,0.25]') AS similarity 就是相似度，越大越相识
A40: 39 | B40: 46311 | C40: 周五 | D40: 阶段4 RAG知识库 | E40: Embedding：10段文本向量化并入库 | F40: 2–3小时 | G40: 已完成 | I40: =IF(G40="已完成",1,IF(G40="进行中",0.5,0)) -> 1 | J40: inter mac： Python 3.11 numpy 1.26.4 torch 2.2.2 transformers 4.41.2 sentence-transformers 3.0.1 | K40: 51
A41: 40 | B41: 46314 | C41: 周一 | D41: 阶段4 RAG知识库 | E41: 相似度检索/Top-K最小Demo | F41: 2–3小时 | G41: 已完成 | I41: =IF(G41="已完成",1,IF(G41="进行中",0.5,0)) -> 1 | J41: 实际就是向量的top 查询 | K41: 51
A42: 41 | B42: 46315 | C42: 周二 | D42: 阶段4 RAG知识库 | E42: Chunk Size/Overlap实验 | F42: 2–3小时 | G42: 已完成 | I42: =IF(G42="已完成",1,IF(G42="进行中",0.5,0)) -> 1 | J42: 切割多个块保存。尽量按段落、换行、句子、空格来切，而不是直接硬砍字符 | K42: 51
A43: 42 | B43: 46316 | C43: 周三 | D43: 阶段4 RAG知识库 | E43: 加载TXT/Markdown并保留metadata | F43: 2–3小时 | G43: 已完成 | I43: =IF(G43="已完成",1,IF(G43="进行中",0.5,0)) -> 1 | J43: metadatak就是数据源附加信息 | K43: 51
A44: 43 | B44: 46317 | C44: 周四 | D44: 阶段4 RAG知识库 | E44: 加载PDF并处理异常页 | F44: 2–3小时 | G44: 已完成 | I44: =IF(G44="已完成",1,IF(G44="进行中",0.5,0)) -> 1 | K44: 51
A45: 44 | B45: 46318 | C45: 周五 | D45: 阶段4 RAG知识库 | E45: 加载Word并统一Document结构 | F45: 2–3小时 | G45: 已完成 | I45: =IF(G45="已完成",1,IF(G45="进行中",0.5,0)) -> 1 | K45: 51
A46: 45 | B46: 46321 | C46: 周一 | D46: 阶段4 RAG知识库 | E46: 加载Excel并按Sheet/行组织内容 | F46: 2–3小时 | G46: 已完成 | I46: =IF(G46="已完成",1,IF(G46="进行中",0.5,0)) -> 1 | K46: 51
A47: 46 | B47: 46322 | C47: 周二 | D47: 阶段4 RAG知识库 | E47: 实现文档入库Pipeline | F47: 2–3小时 | G47: 已完成 | I47: =IF(G47="已完成",1,IF(G47="进行中",0.5,0)) -> 1 | K47: 51
A48: 47 | B48: 46323 | C48: 周三 | D48: 阶段4 RAG知识库 | E48: 实现问题Embedding→Top-K | F48: 2–3小时 | G48: 已完成 | I48: =IF(G48="已完成",1,IF(G48="进行中",0.5,0)) -> 1 | K48: 51
A49: 48 | B49: 46324 | C49: 周四 | D49: 阶段4 RAG知识库 | E49: 检索内容注入Prompt生成回答 | F49: 2–3小时 | G49: 已完成 | I49: =IF(G49="已完成",1,IF(G49="进行中",0.5,0)) -> 1 | J49: vector_search_test 文件。 正常先进吧问题向量化，然后通过cos搜索向量库。 可以加一个阈值进行过滤，太离谱的数据集不要。 意图识别：区分 order / refund / rule / general 查询改写：已经能将“退款有什么规则？”改写为“退款规则”，且精确匹配时抽取实体 引用编号 Prompt：build_context 打上了 [1]、[2]，Prompt 也要求模型标注引用。可以朔源以及debug，防止多跳。 | K49: 51
A50: 49 | B50: 46325 | C50: 周五 | D50: 阶段4 RAG知识库 | E50: 答案加入文件名/页码/章节来源 | F50: 2–3小时 | G50: 已完成 | I50: =IF(G50="已完成",1,IF(G50="进行中",0.5,0)) -> 1 | J50: 没有存储JSON 元数据，暂不做。加入了编号 | K50: 51
A51: 50 | B51: 46328 | C51: 周一 | D51: 阶段4 RAG知识库 | E51: 学习并加入Rerank流程 | F51: 2–3小时 | G51: 已完成 | I51: =IF(G51="已完成",1,IF(G51="进行中",0.5,0)) -> 1 | J51: 向量召回 top_k=20，阈值放宽到 0.7。 CrossEncoder 逐对打分，按 rerank_score 降序，取 top_n=5 简单压缩：重复字符，最大输出的兜底。 | K51: 51
A52: 51 | B52: 46329 | C52: 周二 | D52: 阶段4 RAG知识库 | E52: 理解Hybrid Search并做最小实验 | F52: 2–3小时 | G52: 已完成 | I52: =IF(G52="已完成",1,IF(G52="进行中",0.5,0)) -> 1 | J52: bm25是分词后打分：给你一个查询 query 和一堆文档，算出每个文档和 query 有多相关 rrf ：倒数排名融合：一路是 BM25 关键词检索，一路是向量语义检索，RRF 把这两个排名列表融合成一个最终排名，不看原始分数，只看排名。 | K52: 51
A53: 52 | B53: 46330 | C53: 周三 | D53: 阶段4 RAG知识库 | E53: metadata filter：业务模块/文档类型 | F53: 2–3小时 | G53: 已完成 | I53: =IF(G53="已完成",1,IF(G53="进行中",0.5,0)) -> 1 | J53: 一般来说就是预过滤 | K53: 51
A54: 53 | B54: 46331 | C54: 周四 | D54: 阶段4 RAG知识库 | E54: 准备10个知识库测试问题并记录失败 | F54: 2–3小时 | G54: 已完成 | I54: =IF(G54="已完成",1,IF(G54="进行中",0.5,0)) -> 1 | K54: 51
A55: 54 | B55: 46332 | C55: 周五 | D55: 阶段4 RAG知识库 | E55: 优化Chunk/Top-K/Prompt；资料不足明确回答不知道 | F55: 2–3小时 | G55: 进行中 | I55: =IF(G55="已完成",1,IF(G55="进行中",0.5,0)) -> 0.5 | K55: 51
A56: 55 | B56: 46335 | C56: 周一 | D56: 阶段4 RAG知识库 | E56: 【阶段验收】企业知识库Demo：多格式导入、问答、来源引用、README | F56: 2–3小时 | G56: 已完成 | I56: =IF(G56="已完成",1,IF(G56="进行中",0.5,0)) -> 1 | K56: 【阶段目标】掌握Embedding、pgvector、检索、Rerank和来源引用 【验收项目】本地企业知识库Demo 【验收标准】支持PDF/Word/Excel/MD；回答带来源；10个测试问题；资料不足时不乱答
D57: 新增本地化 | E57: 估计2课时，安装Ollama，本地 7B Q4 模型下载与运行，Python 调用 Ollama，原来的线上 LLM API 替换成本地模型，做完的企业知识库 Demo 做一次完整本地 RAG 验证 | G57: 进行中 | J57: 下载完成，后面理解一下
A58: 56 | B58: 46336 | C58: 周二 | D58: 阶段5 Agent与工作流 | E58: 理解Agent Loop/State/Memory/Workflow；画流程图 | F58: 2–3小时 | G58: 未开始 | I58: =IF(G58="已完成",1,IF(G58="进行中",0.5,0)) -> 0 | K58: 51
A59: 57 | B59: 46337 | C59: 周三 | D59: 阶段5 Agent与工作流 | E59: LangGraph最小单节点Console | F59: 2–3小时 | G59: 未开始 | I59: =IF(G59="已完成",1,IF(G59="进行中",0.5,0)) -> 0 | K59: 51
A60: 58 | B60: 46338 | C60: 周四 | D60: 阶段5 Agent与工作流 | E60: 加入State并在节点间传值 | F60: 2–3小时 | G60: 未开始 | I60: =IF(G60="已完成",1,IF(G60="进行中",0.5,0)) -> 0 | K60: 51
A61: 59 | B61: 46339 | C61: 周五 | D61: 阶段5 Agent与工作流 | E61: 条件路由：普通问答 vs Tool | F61: 2–3小时 | G61: 未开始 | I61: =IF(G61="已完成",1,IF(G61="进行中",0.5,0)) -> 0 | K61: 51
A62: 60 | B62: 46342 | C62: 周一 | D62: 阶段5 Agent与工作流 | E62: 接入阶段3 Tools | F62: 2–3小时 | G62: 未开始 | I62: =IF(G62="已完成",1,IF(G62="进行中",0.5,0)) -> 0 | K62: 51
A63: 61 | B63: 46343 | C63: 周二 | D63: 阶段5 Agent与工作流 | E63: 多步：订单→支付→退款→总结 | F63: 2–3小时 | G63: 未开始 | I63: =IF(G63="已完成",1,IF(G63="进行中",0.5,0)) -> 0 | K63: 51
A64: 62 | B64: 46344 | C64: 周三 | D64: 阶段5 Agent与工作流 | E64: 把RAG封装为Agent Tool | F64: 2–3小时 | G64: 未开始 | I64: =IF(G64="已完成",1,IF(G64="进行中",0.5,0)) -> 0 | K64: 51
A65: 63 | B65: 46345 | C65: 周四 | D65: 阶段5 Agent与工作流 | E65: 加入会话Memory | F65: 2–3小时 | G65: 未开始 | I65: =IF(G65="已完成",1,IF(G65="进行中",0.5,0)) -> 0 | K65: 51
A66: 64 | B66: 46346 | C66: 周五 | D66: 阶段5 Agent与工作流 | E66: 加入Checkpoint | F66: 2–3小时 | G66: 未开始 | I66: =IF(G66="已完成",1,IF(G66="进行中",0.5,0)) -> 0 | K66: 51
A67: 65 | B67: 46349 | C67: 周一 | D67: 阶段5 Agent与工作流 | E67: 增加重试/失败分支避免死循环 | F67: 2–3小时 | G67: 未开始 | I67: =IF(G67="已完成",1,IF(G67="进行中",0.5,0)) -> 0 | K67: 51
A68: 66 | B68: 46350 | C68: 周二 | D68: 阶段5 Agent与工作流 | E68: 设置最大步骤数/超时/成本控制 | F68: 2–3小时 | G68: 未开始 | I68: =IF(G68="已完成",1,IF(G68="进行中",0.5,0)) -> 0 | K68: 51
A69: 67 | B69: 46351 | C69: 周三 | D69: 阶段5 Agent与工作流 | E69: Human-in-the-loop：敏感操作人工确认 | F69: 2–3小时 | G69: 未开始 | I69: =IF(G69="已完成",1,IF(G69="进行中",0.5,0)) -> 0 | K69: 51
... A102: 100 | B102: 46399 | C102: 周二 | D102: 阶段8 综合项目 | E102: 【最终验收】从零启动完整演示；代码备份；制定下一阶段深化计划 | F102: 2–3小时 | G102: 未开始 | I102: =IF(G102="已完成",1,IF(G102="进行中",0.5,0)) -> 0 | K102: 【阶段目标】完成可演示、可写进简历的企业AI Agent项目 【验收项目】Enterprise AI Agent Platform 【验收标准】按README启动；3个核心业务场景；权限/日志/超时；10个验收问题；5分钟演示
A103: 101 | B103: 46400 | C103: 周三 | D103: 阶段9 模型微调与评测 | E103: Hugging Face Transformers基础：模型、Tokenizer、Pipeline和本地加载 | F103: 2–3小时 | G103: 未开始 | I103: 0
A104: 102 | B104: 46401 | C104: 周四 | D104: 阶段9 模型微调与评测 | E104: Tokenizer与Dataset：分词、input_ids、attention_mask和数据遍历 | F104: 2–3小时 | G104: 未开始 | I104: 0
A105: 103 | B105: 46402 | C105: 周五 | D105: 阶段9 模型微调与评测 | E105: 微调数据格式：instruction/input/output、messages和Chat Template | F105: 2–3小时 | G105: 未开始 | I105: 0
A106: 104 | B106: 46405 | C106: 周一 | D106: 阶段9 模型微调与评测 | E106: SFT监督微调原理：训练目标、标签、Loss和训练流程 | F106: 2–3小时 | G106: 未开始 | I106: 0
A107: 105 | B107: 46406 | C107: 周二 | D107: 阶段9 模型微调与评测 | E107: LoRA原理：低秩矩阵、rank、alpha、dropout和target_modules | F107: 2–3小时 | G107: 未开始 | I107: 0
A108: 106 | B108: 46407 | C108: 周三 | D108: 阶段9 模型微调与评测 | E108: QLoRA：4bit量化加载、显存节省及与LoRA的区别 | F108: 2–3小时 | G108: 未开始 | I108: 0
A109: 107 | B109: 46408 | C109: 周四 | D109: 阶段9 模型微调与评测 | E109: PEFT框架：配置Adapter、保存、加载、合并和切换 | F109: 2–3小时 | G109: 未开始 | I109: 0
A110: 108 | B110: 46409 | C110: 周五 | D110: 阶段9 模型微调与评测 | E110: 实战：使用Qwen小模型完成一次LoRA微调 | F110: 2–3小时 | G110: 未开始 | I110: 0
A111: 109 | B111: 46412 | C111: 周一 | D111: 阶段9 模型微调与评测 | E111: 训练集、验证集和测试集：划分原则、数据泄漏和抽样检查 | F111: 2–3小时 | G111: 未开始 | I111: 0
A112: 110 | B112: 46413 | C112: 周二 | D112: 阶段9 模型微调与评测 | E112: 训练参数：loss、epoch、batch size、learning rate和梯度累积 | F112: 2–3小时 | G112: 未开始 | I112: 0
A113: 111 | B113: 46414 | C113: 周三 | D113: 阶段9 模型微调与评测 | E113: 微调前后效果对比：固定测试集、格式合规率和错误样本分析 | F113: 2–3小时 | G113: 未开始 | I113: 0
A114: 112 | B114: 46415 | C114: 周四 | D114: 阶段9 模型微调与评测 | E114: P-Tuning与Prefix Tuning原理；与Prompt、LoRA进行对比 | F114: 2–3小时 | G114: 未开始 | I114: 0
... A121: 119 | B121: 46426 | C121: 周一 | D121: 阶段9 模型微调与评测 | E121: 微调模型加RAG：职责划分、组合方案和效果对比 | F121: 2–3小时 | G121: 未开始 | I121: 0
A122: 120 | B122: 46427 | C122: 周二 | D122: 阶段9 模型微调与评测 | E122: 【阶段验收】微调模型加Agent综合项目；整理数据、评测和README | F122: 2–3小时 | G122: 未开始 | I122: 0 | K122: 【阶段目标】完成微调数据构建、LoRA/SFT、模型评测与组合应用 【验收项目】Qwen小模型微调 + RAG + Agent 【验收标准】可重复训练和部署；微调前后有固定测试集对比；README写清参数、结果和限制
A123: 121 | B123: 46428 | C123: 周三 | D123: 阶段10 企业部署、安全与架构 | E123: vLLM服务化：OpenAI兼容接口、模型启动参数和健康检查 | F123: 2–3小时 | G123: 未开始 | I123: 0
A124: 122 | B124: 46429 | C124: 周四 | D124: 阶段10 企业部署、安全与架构 | E124: 模型版本与发布：配置隔离、版本标识、启动检查和回滚思路 | F124: 2–3小时 | G124: 未开始 | I124: 0
A125: 123 | B125: 46430 | C125: 周五 | D125: 阶段10 企业部署、安全与架构 | E125: 推理性能指标：并发、吞吐量、TTFT、TPS、P95延迟和压测 | F125: 2–3小时 | G125: 未开始 | I125: 0
A126: 124 | B126: 46433 | C126: 周一 | D126: 阶段10 企业部署、安全与架构 | E126: 推理优化基础：Continuous Batching、KV Cache、量化和显存估算 | F126: 2–3小时 | G126: 未开始 | I126: 0
A127: 125 | B127: 46434 | C127: 周二 | D127: 阶段10 企业部署、安全与架构 | E127: AI安全：Prompt Injection、Jailbreak和恶意输入测试 | F127: 2–3小时 | G127: 未开始 | I127: 0
A128: 126 | B128: 46435 | C128: 周三 | D128: 阶段10 企业部署、安全与架构 | E128: Agent工具安全：权限、参数白名单、只读边界和人工确认 | F128: 2–3小时 | G128: 未开始 | I128: 0
A129: 127 | B129: 46436 | C129: 周四 | D129: 阶段10 企业部署、安全与架构 | E129: 内容安全与数据安全：敏感信息、PII脱敏、输入输出审核 | F129: 2–3小时 | G129: 未开始 | I129: 0
A130: 128 | B130: 46437 | C130: 周五 | D130: 阶段10 企业部署、安全与架构 | E130: LLMOps可观测性：Trace、Prompt、Tool调用、Token和耗时日志 | F130: 2–3小时 | G130: 未开始 | I130: 0
A131: 129 | B131: 46440 | C131: 周一 | D131: 阶段10 企业部署、安全与架构 | E131: 线上评测与告警：失败率、幻觉、回归测试和质量监控 | F131: 2–3小时 | G131: 未开始 | I131: 0
A132: 130 | B132: 46441 | C132: 周二 | D132: 阶段10 企业部署、安全与架构 | E132: 反馈闭环：收集错误样本、人工标注、评测集和迭代记录 | F132: 2–3小时 | G132: 未开始 | I132: 0
A133: 131 | B133: 46442 | C133: 周三 | D133: 阶段10 企业部署、安全与架构 | E133: Docker部署：镜像、容器、Volume、Network和环境变量 | F133: 2–3小时 | G133: 未开始 | I133: 0
A134: 132 | B134: 46443 | C134: 周四 | D134: 阶段10 企业部署、安全与架构 | E134: Docker Compose编排Spring Boot、Python、pgvector、Redis和模型服务 | F134: 2–3小时 | G134: 未开始 | I134: 0
... A141: 139 | B141: 46454 | C141: 周一 | D141: 阶段10 企业部署、安全与架构 | E141: AI系统架构设计：容量评估、技术选型、降级、容灾和技术评审文档 | F141: 2–3小时 | G141: 未开始 | I141: 0
A142: 140 | B142: 46455 | C142: 周二 | D142: 阶段10 企业部署、安全与架构 | E142: 【阶段验收】智能审核平台：部署、安全、监控和架构评审 | F142: 2–3小时 | G142: 未开始 | I142: 0 | K142: 【阶段目标】具备企业AI应用部署、安全、监控和架构设计能力 【验收项目】航空运价规则智能审核平台 【验收标准】Docker可启动；包含权限、安全、Trace、评测、压测和架构评审文档
A143: 141 | B143: 46456 | C143: 周三 | D143: 【可选】阶段11 AI平台与推理优化 | E143: 机器学习工程流程复习：数据、训练、评测、部署和持续迭代 | F143: 2–3小时 | G143: 未开始 | I143: 0 | L143: 可选课程（AI平台/模型部署方向）
A144: 142 | B144: 46457 | C144: 周四 | D144: 【可选】阶段11 AI平台与推理优化 | E144: CUDA与GPU基础：计算单元、显存、利用率和监控工具 | F144: 2–3小时 | G144: 未开始 | I144: 0 | L144: 可选课程（AI平台/模型部署方向）
...

Sheet Mac环境清单
A1: 顺序 | B1: 环境/软件 | C1: 用途 | D1: 安装阶段 | E1: 要求
A2: 1 | B2: Homebrew | C2: Mac软件包管理 | D2: 第1天 | E2: 已有则检查版本
A3: 2 | B3: Git | C3: 代码管理 | D3: 第1天 | E3: 确认可用
A4: 3 | B4: VS Code | C4: Python/AI主IDE | D4: 第1天 | E4: 确认可用
A5: 4 | B5: Python 3.11/3.12 | C5: AI主语言 | D5: 第1周 | E5: venv隔离
A6: 5 | B6: IntelliJ IDEA | C6: Java/Spring Boot | D6: 第1天检查 | E6: 保留现有环境
A7: 6 | B7: JDK 17/21 | C7: Spring AI | D7: 阶段7前 | E7: 与旧JDK隔离
A8: 7 | B8: Docker Desktop | C8: pgvector/Redis | D8: 阶段4 | E8: 学到RAG再装
A9: 8 | B9: PostgreSQL + pgvector | C9: RAG向量库 | D9: 阶段4 | E9: Docker启动
A10: 9 | B10: Postman/curl | C10: 接口测试 | D10: 按需 | E10: 任选
A11: 10 | B11: Node.js LTS | C11: 最终项目前端 | D11: 阶段8 | E11: 前期不必安装
A12: 11 | B12: Windows台式机 | C12: 辅助部署/本地模型 | D12: 后期 | E12: 前3个月不作为重点

Sheet 进度总览
A1: AI Agent 学习进度总览
A3: 指标 | B3: 数值 | D3: 指标 | E3: 数值
A4: 计划学习日 | B4: 100 | D4: 进行中 | E4: =COUNTIF(每日学习计划!G2:G102,"进行中") -> 2
A5: 计划总时长 | B5: 200–300小时 | D5: 顺延 | E5: =COUNTIF(每日学习计划!G2:G102,"顺延") -> 0
A6: 开始日期 | B6: 46251 | D6: 整体完成度 | E6: =AVERAGE(每日学习计划!I2:I102) -> 0.545
A7: 结束日期 | B7: 46399 | D7: 实际学习小时 | E7: =SUM(每日学习计划!H2:H102) -> 0
A8: 已完成天数 | B8: =COUNTIF(每日学习计划!G2:G102,"已完成") -> 54 | D8: 剩余学习日 | E8: =100-B8 -> 46

Sheet RAG相关
